{
  "project_info": {
    "project_number": "105765197463",
    "project_id": "myone-8893b",
    "storage_bucket": "myone-8893b.firebasestorage.app"
  },
  "client": [
    {
      "client_info": {
        "mobilesdk_app_id": "1:105765197463:android:67a152ab5fc76548827bd2",
        "android_client_info": {
          "package_name": "com.myoneapp.dating"
        }
      },
      "oauth_client": [],
      "api_key": [
        {
          "current_key": "AIzaSyA-t14J8hnlAKwfyYQWKTCLsbBwar87R_w"
        }
      ],
      "services": {
        "appinvite_service": {
          "other_platform_oauth_client": []
        }
      }
    },
    {
      "client_info": {
        "mobilesdk_app_id": "1:105765197463:android:831e99d7ddcbbdda827bd2",
        "android_client_info": {
          "package_name": "myoneapp.org"
        }
      },
      "oauth_client": [],
      "api_key": [
        {
          "current_key": "AIzaSyA-t14J8hnlAKwfyYQWKTCLsbBwar87R_w"
        }
      ],
      "services": {
        "appinvite_service": {
          "other_platform_oauth_client": []
        }
      }
    }
  ],
  "configuration_version": "1"
}