{
  "indexes": [
    {
      "collectionGroup": "users",
      "queryScope": "COLLECTION",
      "fields": [
        {
          "fieldPath": "gender",
          "order": "ASCENDING"
        },
        {
          "fieldPath": "age",
          "order": "ASCENDING"
        }
      ]
    },
    {
      "collectionGroup": "chats",
      "queryScope": "COLLECTION",
      "fields": [
        {
          "fieldPath": "participant_ids",
          "arrayConfig": "CONTAINS"
        },
        {
          "fieldPath": "last_message_time",
          "order": "DESCENDING"
        }
      ]
    },
    {
      "collectionGroup": "users",
      "queryScope": "COLLECTION",
      "fields": [
        {
          "fieldPath": "isActive",
          "order": "ASCENDING"
        },
        {
          "fieldPath": "age",
          "order": "ASCENDING"
        }
      ]
    }
  ],
  "fieldOverrides": [
    {
      "collectionGroup": "messages",
      "fieldPath": "sender_id",
      "indexes": [
        {
          "order": "ASCENDING",
          "queryScope": "COLLECTION_GROUP"
        }
      ]
    }
  ]
}